file,cluster_id,center_x,center_y,center_z,size_x,size_y,size_z,yaw_rad
shell_006.ply,0,5.366258,3.355746,1.362180,6.994101,1.382684,2.932428,-1.612041
window_006.ply,0,5.250572,0.016335,1.919376,1.079580,0.236490,1.258427,-0.070783
door_006.ply,0,4.864666,4.045496,1.102542,1.169527,0.226930,2.194893,-1.669903
door_006.ply,1,5.235940,0.285182,0.971775,1.205220,0.835564,2.151660,-0.099410
