file,cluster_id,center_x,center_y,center_z,size_x,size_y,size_z,yaw_rad
shell_005.ply,0,3.945172,6.264799,1.362175,2.795635,2.113893,2.932414,-0.567683
door_005.ply,0,4.942309,5.665419,0.497382,0.146200,0.096666,0.935421,0.058463
door_005.ply,1,3.742398,5.521391,1.446537,1.264784,0.282454,1.486831,-0.095385
door_005.ply,2,3.621730,6.702162,2.037527,0.389449,0.042756,0.536997,-0.089029
