file,cluster_id,center_x,center_y,center_z,size_x,size_y,size_z,yaw_rad
shell_007.ply,0,2.317394,1.949808,4.749236,3.867329,3.389392,4.241682,-0.815102
window_007.ply,0,1.677491,2.922785,2.805997,0.168515,0.033665,0.093486,-0.022384
door_007.ply,0,1.812867,1.916978,3.032810,0.773576,0.054030,0.647838,-1.590572
door_007.ply,1,1.801451,2.126525,4.009545,0.354265,0.059939,1.049773,-1.559315
door_007.ply,2,1.767408,1.265843,3.494912,0.157543,0.111015,1.110416,0.635107
